﻿{
    "BackupType":  "manual",
    "TotalSize":  5755475,
    "Timestamp":  "2025-05-30T15:37:02.7758352+03:00",
    "FileCount":  720,
    "Description":  "n11_gelistirme_tamamlandi",
    "ExcludePatterns":  [
                            "*.git*",
                            "*\\backups\\*",
                            "*\\logs\\*",
                            "*\\cache\\*",
                            "*\\node_modules\\*",
                            "*\\vendor\\*",
                            "*.tmp",
                            "*.log"
                        ],
    "ProjectRoot":  "C:\\Users\\musta\\OneDrive\\Desktop\\Mustafa Firma\\cursor\\MesTech\\MesChain-Sync",
    "BackupName":  "manual_backup_2025-05-30_15-37-01_n11_gelistirme_tamamlandi"
}
