<?xml version="1.0" encoding="utf-8"?>
<modification>
    <name>MesChain-Sync Multi Marketplace Integration</name>
    <code>meschain_sync_v110</code>
    <version>1.1.0</version>
    <author>MesTech</author>
    <link>https://mestech.com.tr</link>
    
    <!-- Admin Menu Integration -->
    <file path="admin/controller/common/column_left.php">
        <operation>
            <search><![CDATA[
			if ($this->user->hasPermission('access', 'marketplace/marketplace')) {
				$marketplace[] = array(
					'name'	   => $this->language->get('text_marketplace'),
					'href'     => $this->url->link('marketplace/marketplace', 'user_token=' . $this->session->data['user_token'], true),
					'children' => array()		
				);					
			}
            ]]></search>
            <add position="after"><![CDATA[
			// MesChain-Sync Multi Marketplace Integration
			if ($this->user->hasPermission('access', 'extension/module/meschain_sync')) {
				$meschain_menu = array();
				
				$meschain_menu[] = array(
					'name'     => 'Dashboard',
					'href'     => $this->url->link('extension/module/meschain_sync', 'user_token=' . $this->session->data['user_token'], true),
					'children' => array()
				);
				
				if ($this->user->hasPermission('access', 'extension/module/trendyol')) {
					$meschain_menu[] = array(
						'name'     => 'Trendyol',
						'href'     => $this->url->link('extension/module/trendyol', 'user_token=' . $this->session->data['user_token'], true),
						'children' => array()
					);
				}
				
				if ($this->user->hasPermission('access', 'extension/module/n11')) {
					$meschain_menu[] = array(
						'name'     => 'N11',
						'href'     => $this->url->link('extension/module/n11', 'user_token=' . $this->session->data['user_token'], true),
						'children' => array()
					);
				}
				
				if ($this->user->hasPermission('access', 'extension/module/amazon')) {
					$meschain_menu[] = array(
						'name'     => 'Amazon',
						'href'     => $this->url->link('extension/module/amazon', 'user_token=' . $this->session->data['user_token'], true),
						'children' => array()
					);
				}
				
				if ($this->user->hasPermission('access', 'extension/module/hepsiburada')) {
					$meschain_menu[] = array(
						'name'     => 'Hepsiburada',
						'href'     => $this->url->link('extension/module/hepsiburada', 'user_token=' . $this->session->data['user_token'], true),
						'children' => array()
					);
				}
				
				if ($this->user->hasPermission('access', 'extension/module/ozon')) {
					$meschain_menu[] = array(
						'name'     => 'Ozon',
						'href'     => $this->url->link('extension/module/ozon', 'user_token=' . $this->session->data['user_token'], true),
						'children' => array()
					);
				}
				
				$meschain_menu[] = array(
					'name'     => 'Settings',
					'href'     => $this->url->link('extension/module/user_settings', 'user_token=' . $this->session->data['user_token'], true),
					'children' => array()
				);
				
				$meschain_menu[] = array(
					'name'     => 'Help',
					'href'     => $this->url->link('extension/module/help', 'user_token=' . $this->session->data['user_token'], true),
					'children' => array()
				);
				
				$data['menus'][] = array(
					'id'       => 'menu-meschain-sync',
					'icon'     => 'fa-shopping-basket',
					'name'     => 'MesChain-Sync',
					'href'     => '',
					'children' => $meschain_menu
				);
			}
            ]]></add>
        </operation>
    </file>
    
    <!-- Install SQL -->
    <file path="system/meschain_install.sql">
        <sql><![CDATA[
-- MesChain-Sync Database Installation

-- User API Settings
CREATE TABLE IF NOT EXISTS `" . DB_PREFIX . "user_api_settings` (
    `id` INT(11) NOT NULL AUTO_INCREMENT,
    `user_id` INT(11) NOT NULL,
    `marketplace` VARCHAR(50) NOT NULL,
    `api_key` TEXT,
    `api_secret` TEXT,
    `merchant_id` VARCHAR(255),
    `store_id` VARCHAR(255),
    `extra_settings` TEXT,
    `status` TINYINT(1) NOT NULL DEFAULT '1',
    `date_added` DATETIME NOT NULL,
    `date_modified` DATETIME NOT NULL,
    PRIMARY KEY (`id`),
    UNIQUE KEY `user_marketplace` (`user_id`, `marketplace`)
) ENGINE=MyISAM DEFAULT CHARSET=utf8 COLLATE=utf8_general_ci;

-- Trendyol Products
CREATE TABLE IF NOT EXISTS `" . DB_PREFIX . "trendyol_products` (
    `id` INT(11) NOT NULL AUTO_INCREMENT,
    `product_id` INT(11) NOT NULL,
    `trendyol_barcode` VARCHAR(255) NOT NULL,
    `trendyol_product_id` VARCHAR(255) DEFAULT NULL,
    `trendyol_category_id` INT(11) DEFAULT NULL,
    `trendyol_brand_id` INT(11) DEFAULT NULL,
    `status` TINYINT(1) NOT NULL DEFAULT '1',
    `sync_status` VARCHAR(50) DEFAULT 'pending',
    `last_sync` DATETIME DEFAULT NULL,
    PRIMARY KEY (`id`),
    KEY `product_id` (`product_id`),
    KEY `trendyol_barcode` (`trendyol_barcode`)
) ENGINE=MyISAM DEFAULT CHARSET=utf8 COLLATE=utf8_general_ci;

-- Trendyol Orders
CREATE TABLE IF NOT EXISTS `" . DB_PREFIX . "trendyol_orders` (
    `id` INT(11) NOT NULL AUTO_INCREMENT,
    `order_id` INT(11) NOT NULL,
    `trendyol_order_id` VARCHAR(255) NOT NULL,
    `trendyol_order_number` VARCHAR(255) NOT NULL,
    `status` VARCHAR(50) NOT NULL,
    `created_date` DATETIME NOT NULL,
    `sync_date` DATETIME NOT NULL,
    PRIMARY KEY (`id`),
    KEY `order_id` (`order_id`),
    KEY `trendyol_order_id` (`trendyol_order_id`)
) ENGINE=MyISAM DEFAULT CHARSET=utf8 COLLATE=utf8_general_ci;

-- N11 Products
CREATE TABLE IF NOT EXISTS `" . DB_PREFIX . "n11_products` (
    `id` INT(11) NOT NULL AUTO_INCREMENT,
    `product_id` INT(11) NOT NULL,
    `n11_product_id` VARCHAR(255) DEFAULT NULL,
    `n11_product_code` VARCHAR(255) NOT NULL,
    `n11_category_id` INT(11) DEFAULT NULL,
    `status` TINYINT(1) NOT NULL DEFAULT '1',
    `sync_status` VARCHAR(50) DEFAULT 'pending',
    `last_sync` DATETIME DEFAULT NULL,
    PRIMARY KEY (`id`),
    KEY `product_id` (`product_id`),
    KEY `n11_product_code` (`n11_product_code`)
) ENGINE=MyISAM DEFAULT CHARSET=utf8 COLLATE=utf8_general_ci;

-- N11 Orders
CREATE TABLE IF NOT EXISTS `" . DB_PREFIX . "n11_orders` (
    `id` INT(11) NOT NULL AUTO_INCREMENT,
    `order_id` INT(11) NOT NULL,
    `n11_order_id` VARCHAR(255) NOT NULL,
    `n11_order_number` VARCHAR(255) NOT NULL,
    `status` VARCHAR(50) NOT NULL,
    `created_date` DATETIME NOT NULL,
    `sync_date` DATETIME NOT NULL,
    PRIMARY KEY (`id`),
    KEY `order_id` (`order_id`),
    KEY `n11_order_id` (`n11_order_id`)
) ENGINE=MyISAM DEFAULT CHARSET=utf8 COLLATE=utf8_general_ci;

-- Amazon Products  
CREATE TABLE IF NOT EXISTS `" . DB_PREFIX . "amazon_products` (
    `id` INT(11) NOT NULL AUTO_INCREMENT,
    `product_id` INT(11) NOT NULL,
    `amazon_asin` VARCHAR(255) DEFAULT NULL,
    `amazon_sku` VARCHAR(255) NOT NULL,
    `status` TINYINT(1) NOT NULL DEFAULT '1',
    `sync_status` VARCHAR(50) DEFAULT 'pending',
    `last_sync` DATETIME DEFAULT NULL,
    PRIMARY KEY (`id`),
    KEY `product_id` (`product_id`),
    KEY `amazon_sku` (`amazon_sku`)
) ENGINE=MyISAM DEFAULT CHARSET=utf8 COLLATE=utf8_general_ci;

-- Hepsiburada Products
CREATE TABLE IF NOT EXISTS `" . DB_PREFIX . "hepsiburada_products` (
    `id` INT(11) NOT NULL AUTO_INCREMENT,
    `product_id` INT(11) NOT NULL,
    `hb_sku` VARCHAR(255) NOT NULL,
    `hb_listing_id` VARCHAR(255) DEFAULT NULL,
    `hb_merchant_sku` VARCHAR(255) DEFAULT NULL,
    `status` TINYINT(1) NOT NULL DEFAULT '1',
    `sync_status` VARCHAR(50) DEFAULT 'pending',
    `last_sync` DATETIME DEFAULT NULL,
    PRIMARY KEY (`id`),
    KEY `product_id` (`product_id`),
    KEY `hb_sku` (`hb_sku`)
) ENGINE=MyISAM DEFAULT CHARSET=utf8 COLLATE=utf8_general_ci;

-- Ozon Products
CREATE TABLE IF NOT EXISTS `" . DB_PREFIX . "user_ozon_products` (
    `id` INT(11) NOT NULL AUTO_INCREMENT,
    `user_id` INT(11) NOT NULL,
    `product_id` INT(11) NOT NULL,
    `ozon_product_id` VARCHAR(64) NOT NULL,
    `ozon_seller_code` VARCHAR(64) NOT NULL,
    `status` TINYINT(1) NOT NULL DEFAULT '0',
    `last_updated` DATETIME NOT NULL,
    `sync_status` VARCHAR(32) NOT NULL DEFAULT 'pending',
    `error_message` TEXT,
    PRIMARY KEY (`id`),
    UNIQUE KEY `user_product` (`user_id`, `product_id`),
    KEY `ozon_product_id` (`ozon_product_id`),
    KEY `sync_status` (`sync_status`)
) ENGINE=MyISAM DEFAULT CHARSET=utf8 COLLATE=utf8_general_ci;

-- Ozon Orders
CREATE TABLE IF NOT EXISTS `" . DB_PREFIX . "user_ozon_orders` (
    `id` INT(11) NOT NULL AUTO_INCREMENT,
    `user_id` INT(11) NOT NULL,
    `ozon_order_id` VARCHAR(64) NOT NULL,
    `opencart_order_id` INT(11) DEFAULT NULL,
    `status` VARCHAR(32) NOT NULL,
    `total` DECIMAL(15,4) NOT NULL DEFAULT '0.0000',
    `buyer_name` VARCHAR(255) NOT NULL,
    `buyer_phone` VARCHAR(32) NOT NULL,
    `shipping_address` TEXT NOT NULL,
    `order_data` TEXT NOT NULL,
    `date_added` DATETIME NOT NULL,
    `date_modified` DATETIME NOT NULL,
    PRIMARY KEY (`id`),
    UNIQUE KEY `user_ozon_order` (`user_id`, `ozon_order_id`),
    KEY `opencart_order_id` (`opencart_order_id`),
    KEY `status` (`status`),
    KEY `date_added` (`date_added`)
) ENGINE=MyISAM DEFAULT CHARSET=utf8 COLLATE=utf8_general_ci;

-- Ozon Category Mapping
CREATE TABLE IF NOT EXISTS `" . DB_PREFIX . "ozon_category_mapping` (
    `mapping_id` INT(11) NOT NULL AUTO_INCREMENT,
    `user_id` INT(11) NOT NULL,
    `opencart_category_id` INT(11) NOT NULL,
    `ozon_category_id` VARCHAR(64) NOT NULL,
    `ozon_category_name` VARCHAR(255) NOT NULL,
    `ozon_category_path` VARCHAR(512) NOT NULL,
    `attributes` TEXT,
    `date_added` DATETIME NOT NULL,
    `date_modified` DATETIME NOT NULL,
    PRIMARY KEY (`mapping_id`),
    UNIQUE KEY `user_opencart_category` (`user_id`, `opencart_category_id`),
    KEY `ozon_category_id` (`ozon_category_id`)
) ENGINE=MyISAM DEFAULT CHARSET=utf8 COLLATE=utf8_general_ci;

-- Activity Log
CREATE TABLE IF NOT EXISTS `" . DB_PREFIX . "user_activity_log` (
    `id` INT(11) NOT NULL AUTO_INCREMENT,
    `user_id` INT(11) NOT NULL,
    `module` VARCHAR(50) NOT NULL,
    `action` VARCHAR(100) NOT NULL,
    `data` TEXT,
    `ip` VARCHAR(40) NOT NULL,
    `created_date` DATETIME NOT NULL,
    PRIMARY KEY (`id`),
    KEY `user_id` (`user_id`),
    KEY `module` (`module`),
    KEY `created_date` (`created_date`)
) ENGINE=MyISAM DEFAULT CHARSET=utf8 COLLATE=utf8_general_ci;

-- Module Settings
INSERT INTO `" . DB_PREFIX . "setting` (`store_id`, `code`, `key`, `value`, `serialized`) VALUES
(0, 'module_meschain_sync', 'module_meschain_sync_status', '1', 0),
(0, 'module_meschain_sync', 'module_meschain_sync_version', '1.1.0', 0);
        ]]></sql>
    </file>
</modification> 