﻿{
    "BackupType":  "manual",
    "TotalSize":  5881651,
    "Timestamp":  "2025-05-30T15:05:33.7601372+03:00",
    "FileCount":  753,
    "Description":  "temizlik_oncesi_yedek",
    "ExcludePatterns":  [
                            "*.git*",
                            "*\\backups\\*",
                            "*\\logs\\*",
                            "*\\cache\\*",
                            "*\\node_modules\\*",
                            "*\\vendor\\*",
                            "*.tmp",
                            "*.log"
                        ],
    "ProjectRoot":  "C:\\Users\\musta\\OneDrive\\Desktop\\Mustafa Firma\\cursor\\MesTech\\MesChain-Sync",
    "BackupName":  "manual_backup_2025-05-30_15-05-33_temizlik_oncesi_yedek"
}
