﻿{
    "BackupType":  "manual",
    "TotalSize":  5718844,
    "Timestamp":  "2025-05-30T15:22:35.9059274+03:00",
    "FileCount":  718,
    "Description":  "temizlik_ve_reorganizasyon_sonrasi",
    "ExcludePatterns":  [
                            "*.git*",
                            "*\\backups\\*",
                            "*\\logs\\*",
                            "*\\cache\\*",
                            "*\\node_modules\\*",
                            "*\\vendor\\*",
                            "*.tmp",
                            "*.log"
                        ],
    "ProjectRoot":  "C:\\Users\\musta\\OneDrive\\Desktop\\Mustafa Firma\\cursor\\MesTech\\MesChain-Sync",
    "BackupName":  "manual_backup_2025-05-30_15-22-35_temizlik_ve_reorganizasyon_sonrasi"
}
