<?xml version="1.0" encoding="utf-8"?>
<modification>
    <name>MesChain-Sync - Multi Marketplace Integration</name>
    <code>meschain_sync</code>
    <version>1.1.0</version>
    <author>MesTech</author>
    <link>https://mestech.com.tr</link>

    <!-- Admin Controller Files -->
    <file path="admin/controller/extension/module/">
        <source>meschain_sync.php</source>
        <source>trendyol.php</source>
        <source>n11.php</source>
        <source>amazon.php</source>
        <source>hepsiburada.php</source>
        <source>ozon.php</source>
        <source>ebay.php</source>
        <source>base_marketplace.php</source>
        <source>dropshipping.php</source>
        <source>user_management.php</source>
        <source>user_settings.php</source>
        <source>announcement.php</source>
        <source>help.php</source>
        <source>log_viewer.php</source>
        <source>cache_monitor.php</source>
        <source>n11_category.php</source>
        <source>test_encryption.php</source>
        <source>security_helper.php</source>
    </file>

    <!-- Admin Model Files -->
    <file path="admin/model/extension/module/">
        <source>ozon.php</source>
        <source>meschain_sync.php</source>
        <source>trendyol.php</source>
        <source>n11.php</source>
        <source>amazon.php</source>
        <source>hepsiburada.php</source>
        <source>ebay.php</source>
    </file>

    <!-- Admin View Files -->
    <file path="admin/view/template/extension/module/">
        <source>meschain_sync.twig</source>
        <source>trendyol.twig</source>
        <source>trendyol_dashboard.twig</source>
        <source>trendyol_orders.twig</source>
        <source>trendyol_order_detail.twig</source>
        <source>trendyol_product_mapping.twig</source>
        <source>trendyol_reports.twig</source>
        <source>n11.twig</source>
        <source>n11_dashboard.twig</source>
        <source>n11_orders.twig</source>
        <source>n11_order_detail.twig</source>
        <source>n11_cancel_order.twig</source>
        <source>n11_category_form.twig</source>
        <source>n11_category_list.twig</source>
        <source>amazon.twig</source>
        <source>amazon_dashboard.twig</source>
        <source>hepsiburada.twig</source>
        <source>hepsiburada_dashboard.twig</source>
        <source>hepsiburada_orders.twig</source>
        <source>hepsiburada_order_detail.twig</source>
        <source>ozon_dashboard.twig</source>
        <source>ozon_products.twig</source>
        <source>user_settings.twig</source>
        <source>help.twig</source>
        <source>cache_monitor.twig</source>
        <source>test_encryption.twig</source>
    </file>

    <!-- Admin View Ozon Subfolder -->
    <file path="admin/view/template/extension/module/ozon/">
        <source>dashboard.twig</source>
        <source>settings.twig</source>
        <source>products.twig</source>
        <source>orders.twig</source>
        <source>logs.twig</source>
    </file>

    <!-- Admin Language Files TR -->
    <file path="admin/language/tr-tr/extension/module/">
        <source>meschain_sync.php</source>
        <source>ozon.php</source>
        <source>n11.php</source>
        <source>n11_category.php</source>
        <source>dropshipping.php</source>
        <source>user_management.php</source>
    </file>

    <!-- Admin Language Files EN -->
    <file path="admin/language/en-gb/extension/module/">
        <source>meschain_sync.php</source>
        <source>ozon.php</source>
        <source>n11.php</source>
        <source>amazon.php</source>
        <source>trendyol.php</source>
        <source>hepsiburada.php</source>
        <source>ebay.php</source>
    </file>

    <!-- System Library Files -->
    <file path="system/library/entegrator/">
        <source>ozon.php</source>
        <source>config.php</source>
        <source>config_ozon.php</source>
        <source>config_n11.php</source>
        <source>config_trendyol.php</source>
        <source>config_amazon.php</source>
        <source>config_hepsiburada.php</source>
        <source>config_ebay.php</source>
    </file>

    <!-- System Library Helper Files -->
    <file path="system/library/entegrator/helper/">
        <source>db_mysql.php</source>
    </file>

    <!-- System Library MesChain Helper Files -->
    <file path="system/library/meschain/helper/">
        <source>trendyol_helper.php</source>
        <source>n11_helper.php</source>
        <source>amazon_helper.php</source>
        <source>hepsiburada_helper.php</source>
        <source>ozon_helper.php</source>
        <source>ebay_helper.php</source>
    </file>

    <!-- Admin Stylesheet -->
    <file path="admin/view/stylesheet/">
        <source>meschain_sync.css</source>
    </file>

    <!-- Admin Menu Modification -->
    <file path="admin/controller/common/column_left.php">
        <operation>
            <search><![CDATA[
            if ($this->user->hasPermission('access', 'extension/extension/module')) {
                $extension[] = array(
                    'name'     => $this->language->get('text_module'),
                    'href'     => $this->url->link('extension/extension/module', 'user_token=' . $this->session->data['user_token'], true),
                    'children' => array()
                );
            }
            ]]></search>
            <add position="after"><![CDATA[
            // MesChain-Sync Menu
            if ($this->user->hasPermission('access', 'extension/module/meschain_sync')) {
                $meschain = array();
                
                $meschain[] = array(
                    'name'     => 'Dashboard',
                    'href'     => $this->url->link('extension/module/meschain_sync', 'user_token=' . $this->session->data['user_token'], true),
                    'children' => array()
                );
                
                $meschain[] = array(
                    'name'     => 'Trendyol',
                    'href'     => $this->url->link('extension/module/trendyol', 'user_token=' . $this->session->data['user_token'], true),
                    'children' => array()
                );
                
                $meschain[] = array(
                    'name'     => 'N11',
                    'href'     => $this->url->link('extension/module/n11', 'user_token=' . $this->session->data['user_token'], true),
                    'children' => array()
                );
                
                $meschain[] = array(
                    'name'     => 'Amazon',
                    'href'     => $this->url->link('extension/module/amazon', 'user_token=' . $this->session->data['user_token'], true),
                    'children' => array()
                );
                
                $meschain[] = array(
                    'name'     => 'Hepsiburada',
                    'href'     => $this->url->link('extension/module/hepsiburada', 'user_token=' . $this->session->data['user_token'], true),
                    'children' => array()
                );
                
                $meschain[] = array(
                    'name'     => 'Ozon',
                    'href'     => $this->url->link('extension/module/ozon', 'user_token=' . $this->session->data['user_token'], true),
                    'children' => array()
                );
                
                $data['menus'][] = array(
                    'id'       => 'menu-meschain',
                    'icon'     => 'fa-shopping-basket',
                    'name'     => 'MesChain Sync',
                    'href'     => '',
                    'children' => $meschain
                );
            }
            ]]></add>
        </operation>
    </file>

    <!-- Database Tables -->
    <file path="system/meschain_sync.sql">
        <sql><![CDATA[
        -- MesChain-Sync Database Tables
        
        -- User Settings Table
        CREATE TABLE IF NOT EXISTS `oc_user_api_settings` (
            `id` INT(11) NOT NULL AUTO_INCREMENT,
            `user_id` INT(11) NOT NULL,
            `marketplace` VARCHAR(50) NOT NULL,
            `api_key` TEXT,
            `api_secret` TEXT,
            `merchant_id` VARCHAR(255),
            `store_id` VARCHAR(255),
            `extra_settings` TEXT,
            `status` TINYINT(1) NOT NULL DEFAULT '1',
            `date_added` DATETIME NOT NULL,
            `date_modified` DATETIME NOT NULL,
            PRIMARY KEY (`id`),
            UNIQUE KEY `user_marketplace` (`user_id`, `marketplace`)
        ) ENGINE=MyISAM DEFAULT CHARSET=utf8 COLLATE=utf8_general_ci;

        -- Trendyol Products Table
        CREATE TABLE IF NOT EXISTS `oc_trendyol_products` (
            `id` INT(11) NOT NULL AUTO_INCREMENT,
            `product_id` INT(11) NOT NULL,
            `trendyol_barcode` VARCHAR(255) NOT NULL,
            `trendyol_product_id` VARCHAR(255) DEFAULT NULL,
            `trendyol_category_id` INT(11) DEFAULT NULL,
            `trendyol_brand_id` INT(11) DEFAULT NULL,
            `status` TINYINT(1) NOT NULL DEFAULT '1',
            `sync_status` VARCHAR(50) DEFAULT 'pending',
            `last_sync` DATETIME DEFAULT NULL,
            PRIMARY KEY (`id`),
            KEY `product_id` (`product_id`),
            KEY `trendyol_barcode` (`trendyol_barcode`)
        ) ENGINE=MyISAM DEFAULT CHARSET=utf8 COLLATE=utf8_general_ci;

        -- Trendyol Orders Table
        CREATE TABLE IF NOT EXISTS `oc_trendyol_orders` (
            `id` INT(11) NOT NULL AUTO_INCREMENT,
            `order_id` INT(11) NOT NULL,
            `trendyol_order_id` VARCHAR(255) NOT NULL,
            `trendyol_order_number` VARCHAR(255) NOT NULL,
            `status` VARCHAR(50) NOT NULL,
            `created_date` DATETIME NOT NULL,
            `sync_date` DATETIME NOT NULL,
            PRIMARY KEY (`id`),
            KEY `order_id` (`order_id`),
            KEY `trendyol_order_id` (`trendyol_order_id`)
        ) ENGINE=MyISAM DEFAULT CHARSET=utf8 COLLATE=utf8_general_ci;

        -- N11 Products Table
        CREATE TABLE IF NOT EXISTS `oc_n11_products` (
            `id` INT(11) NOT NULL AUTO_INCREMENT,
            `product_id` INT(11) NOT NULL,
            `n11_product_id` VARCHAR(255) DEFAULT NULL,
            `n11_product_code` VARCHAR(255) NOT NULL,
            `n11_category_id` INT(11) DEFAULT NULL,
            `status` TINYINT(1) NOT NULL DEFAULT '1',
            `sync_status` VARCHAR(50) DEFAULT 'pending',
            `last_sync` DATETIME DEFAULT NULL,
            PRIMARY KEY (`id`),
            KEY `product_id` (`product_id`),
            KEY `n11_product_code` (`n11_product_code`)
        ) ENGINE=MyISAM DEFAULT CHARSET=utf8 COLLATE=utf8_general_ci;

        -- N11 Orders Table
        CREATE TABLE IF NOT EXISTS `oc_n11_orders` (
            `id` INT(11) NOT NULL AUTO_INCREMENT,
            `order_id` INT(11) NOT NULL,
            `n11_order_id` VARCHAR(255) NOT NULL,
            `n11_order_number` VARCHAR(255) NOT NULL,
            `status` VARCHAR(50) NOT NULL,
            `created_date` DATETIME NOT NULL,
            `sync_date` DATETIME NOT NULL,
            PRIMARY KEY (`id`),
            KEY `order_id` (`order_id`),
            KEY `n11_order_id` (`n11_order_id`)
        ) ENGINE=MyISAM DEFAULT CHARSET=utf8 COLLATE=utf8_general_ci;

        -- Amazon Products Table
        CREATE TABLE IF NOT EXISTS `oc_amazon_products` (
            `id` INT(11) NOT NULL AUTO_INCREMENT,
            `product_id` INT(11) NOT NULL,
            `amazon_asin` VARCHAR(255) DEFAULT NULL,
            `amazon_sku` VARCHAR(255) NOT NULL,
            `status` TINYINT(1) NOT NULL DEFAULT '1',
            `sync_status` VARCHAR(50) DEFAULT 'pending',
            `last_sync` DATETIME DEFAULT NULL,
            PRIMARY KEY (`id`),
            KEY `product_id` (`product_id`),
            KEY `amazon_sku` (`amazon_sku`)
        ) ENGINE=MyISAM DEFAULT CHARSET=utf8 COLLATE=utf8_general_ci;

        -- Hepsiburada Products Table
        CREATE TABLE IF NOT EXISTS `oc_hepsiburada_products` (
            `id` INT(11) NOT NULL AUTO_INCREMENT,
            `product_id` INT(11) NOT NULL,
            `hb_sku` VARCHAR(255) NOT NULL,
            `hb_listing_id` VARCHAR(255) DEFAULT NULL,
            `hb_merchant_sku` VARCHAR(255) DEFAULT NULL,
            `status` TINYINT(1) NOT NULL DEFAULT '1',
            `sync_status` VARCHAR(50) DEFAULT 'pending',
            `last_sync` DATETIME DEFAULT NULL,
            PRIMARY KEY (`id`),
            KEY `product_id` (`product_id`),
            KEY `hb_sku` (`hb_sku`)
        ) ENGINE=MyISAM DEFAULT CHARSET=utf8 COLLATE=utf8_general_ci;

        -- Ozon Products Table
        CREATE TABLE IF NOT EXISTS `oc_user_ozon_products` (
            `id` INT(11) NOT NULL AUTO_INCREMENT,
            `user_id` INT(11) NOT NULL,
            `product_id` INT(11) NOT NULL,
            `ozon_product_id` VARCHAR(64) NOT NULL,
            `ozon_seller_code` VARCHAR(64) NOT NULL,
            `status` TINYINT(1) NOT NULL DEFAULT '0',
            `last_updated` DATETIME NOT NULL,
            `sync_status` VARCHAR(32) NOT NULL DEFAULT 'pending',
            `error_message` TEXT,
            PRIMARY KEY (`id`),
            UNIQUE KEY `user_product` (`user_id`, `product_id`),
            KEY `ozon_product_id` (`ozon_product_id`),
            KEY `sync_status` (`sync_status`)
        ) ENGINE=MyISAM DEFAULT CHARSET=utf8 COLLATE=utf8_general_ci;

        -- Ozon Orders Table
        CREATE TABLE IF NOT EXISTS `oc_user_ozon_orders` (
            `id` INT(11) NOT NULL AUTO_INCREMENT,
            `user_id` INT(11) NOT NULL,
            `ozon_order_id` VARCHAR(64) NOT NULL,
            `opencart_order_id` INT(11) DEFAULT NULL,
            `status` VARCHAR(32) NOT NULL,
            `total` DECIMAL(15,4) NOT NULL DEFAULT '0.0000',
            `buyer_name` VARCHAR(255) NOT NULL,
            `buyer_phone` VARCHAR(32) NOT NULL,
            `shipping_address` TEXT NOT NULL,
            `order_data` TEXT NOT NULL,
            `date_added` DATETIME NOT NULL,
            `date_modified` DATETIME NOT NULL,
            PRIMARY KEY (`id`),
            UNIQUE KEY `user_ozon_order` (`user_id`, `ozon_order_id`),
            KEY `opencart_order_id` (`opencart_order_id`),
            KEY `status` (`status`),
            KEY `date_added` (`date_added`)
        ) ENGINE=MyISAM DEFAULT CHARSET=utf8 COLLATE=utf8_general_ci;

        -- Ozon Category Mapping Table
        CREATE TABLE IF NOT EXISTS `oc_ozon_category_mapping` (
            `mapping_id` INT(11) NOT NULL AUTO_INCREMENT,
            `user_id` INT(11) NOT NULL,
            `opencart_category_id` INT(11) NOT NULL,
            `ozon_category_id` VARCHAR(64) NOT NULL,
            `ozon_category_name` VARCHAR(255) NOT NULL,
            `ozon_category_path` VARCHAR(512) NOT NULL,
            `attributes` TEXT,
            `date_added` DATETIME NOT NULL,
            `date_modified` DATETIME NOT NULL,
            PRIMARY KEY (`mapping_id`),
            UNIQUE KEY `user_opencart_category` (`user_id`, `opencart_category_id`),
            KEY `ozon_category_id` (`ozon_category_id`)
        ) ENGINE=MyISAM DEFAULT CHARSET=utf8 COLLATE=utf8_general_ci;

        -- Activity Log Table
        CREATE TABLE IF NOT EXISTS `oc_user_activity_log` (
            `id` INT(11) NOT NULL AUTO_INCREMENT,
            `user_id` INT(11) NOT NULL,
            `module` VARCHAR(50) NOT NULL,
            `action` VARCHAR(100) NOT NULL,
            `data` TEXT,
            `ip` VARCHAR(40) NOT NULL,
            `created_date` DATETIME NOT NULL,
            PRIMARY KEY (`id`),
            KEY `user_id` (`user_id`),
            KEY `module` (`module`),
            KEY `created_date` (`created_date`)
        ) ENGINE=MyISAM DEFAULT CHARSET=utf8 COLLATE=utf8_general_ci;
        ]]></sql>
    </file>
</modification> 