<?xml version="1.0" encoding="utf-8"?>
<modification>
    <name>MesChain Sync: Complete Integration Suite</name>
    <code>meschain_sync_suite</code>
    <version>1.0.0</version>
    <author>MesChain Development Team</author>
    <link>https://meschain.com</link>
    
    <file path="system/startup.php">
        <operation>
            <search><![CDATA[// Autoloader]]></search>
            <add position="after"><![CDATA[
// MesChain Core Bootstrapping
if (is_file(DIR_SYSTEM . 'library/meschain/core.php')) {
    require_once(DIR_SYSTEM . 'library/meschain/core.php');
}
            ]]></add>
        </operation>
    </file>
    
    <file path="admin/controller/common/column_left.php">
        <operation>
            <search><![CDATA[$data['menus'][] = array(]]></search>
            <add position="before"><![CDATA[
        // --- MESCHAIN SYNC START ---
        $meschain = array();
        if ($this->user->hasPermission('access', 'extension/meschain/module/meschain_trendyol')) {
            $meschain[] = array(
                'name'	   => 'Trendyol Entegrasyonu',
                'href'     => $this->url->link('extension/meschain/module/meschain_trendyol', 'user_token=' . $this->session->data['user_token'], true),
                'children' => array()
            );
        }
        if ($meschain) {
            $data['menus'][] = array(
                'id'       => 'menu-meschain',
                'icon'	   => 'fa-cogs',
                'name'	   => 'MesChain Sync',
                'href'     => '',
                'children' => $meschain
            );
        }
        // --- MESCHAIN SYNC END ---
            ]]></add>
        </operation>
    </file>

</modification>
