<?xml version="1.0" encoding="utf-8"?>
<modification>
    <name>MesChain Trendyol Integration</name>
    <code>meschain_trendyol</code>
    <version>1.0.0</version>
    <author>MesChain Development Team</author>
    <link>https://meschain.com</link>
    <description>
        <![CDATA[
        MesChain Trendyol Integration - Turkey's largest marketplace integration for OpenCart 4.x

        Features:
        - Complete Trendyol API integration
        - Product synchronization
        - Order management
        - Inventory tracking
        - Real-time webhooks
        - Analytics and reporting
        - E-invoice support
        - Barcode generation
        - Automated cron jobs

        This extension provides seamless integration with Trendyol marketplace, allowing you to:
        - Sync products to Trendyol
        - Manage orders from Trendyol
        - Update inventory automatically
        - Track sales analytics
        - Generate e-invoices
        - Handle webhooks for real-time updates
        ]]>
    </description>

    <!-- OpenCart Version Compatibility -->
    <opencart_version>4.0.0.0+</opencart_version>

    <!-- Extension Information -->
    <extension_info>
        <type>module</type>
        <category>marketplace</category>
        <priority>1</priority>
        <status>1</status>
    </extension_info>

    <!-- Database Installation -->
    <install>
        <sql><![CDATA[
            -- Execute SQL installation script
            SOURCE install/meschain_trendyol_install.sql;
        ]]></sql>
    </install>

    <!-- Database Uninstallation -->
    <uninstall>
        <sql><![CDATA[
            -- Drop MesChain Trendyol tables
            DROP TABLE IF EXISTS `meschain_trendyol_products`;
            DROP TABLE IF EXISTS `meschain_trendyol_orders`;
            DROP TABLE IF EXISTS `meschain_trendyol_api_logs`;
            DROP TABLE IF EXISTS `meschain_trendyol_webhooks`;
            DROP TABLE IF EXISTS `meschain_trendyol_categories`;
            DROP TABLE IF EXISTS `meschain_trendyol_brands`;
            DROP TABLE IF EXISTS `meschain_trendyol_shipment_providers`;
            DROP TABLE IF EXISTS `meschain_trendyol_settings`;
            DROP TABLE IF EXISTS `meschain_einvoices`;
            DROP TABLE IF EXISTS `meschain_barcodes`;
            DROP TABLE IF EXISTS `oc_trendyol_webhook_logs`;
            DROP TABLE IF EXISTS `oc_trendyol_sync_logs`;
            DROP TABLE IF EXISTS `oc_trendyol_webhook_stats`;
            DROP TABLE IF EXISTS `oc_trendyol_stock_history`;
            DROP TABLE IF EXISTS `oc_trendyol_sync_queue`;
            DROP TABLE IF EXISTS `oc_trendyol_alerts`;
            DROP TABLE IF EXISTS `oc_trendyol_orders`;
            DROP TABLE IF EXISTS `oc_trendyol_products`;

            -- Drop views
            DROP VIEW IF EXISTS `meschain_trendyol_stats`;

            -- Drop stored procedures
            DROP PROCEDURE IF EXISTS `GetTrendyolDashboardStats`;
            DROP PROCEDURE IF EXISTS `CleanupOldLogs`;
            DROP PROCEDURE IF EXISTS `GetProductSyncStatus`;

            -- Remove settings
            DELETE FROM `oc_setting` WHERE `code` LIKE 'meschain_trendyol%';
        ]]></sql>
    </uninstall>

    <!-- File Operations -->
    <file>
        <!-- Admin Controller Files -->
        <operation>
            <search><![CDATA[]]></search>
            <add position="replace"><![CDATA[]]></add>
        </operation>
    </file>

    <!-- Admin Menu Integration -->
    <file path="admin/view/template/common/column_left.twig">
        <operation>
            <search><![CDATA[<li><a href="{{ marketplace }}">{{ text_marketplace }}</a></li>]]></search>
            <add position="after"><![CDATA[
            {% if meschain_trendyol_access %}
            <li class="nav-item">
                <a href="{{ meschain_trendyol_url }}" class="nav-link">
                    <i class="fas fa-shopping-cart nav-icon"></i>
                    <p>MesChain Trendyol</p>
                </a>
            </li>
            {% endif %}
            ]]></add>
        </operation>
    </file>

    <!-- Extension List Integration -->
    <file path="admin/view/template/marketplace/extension.twig">
        <operation>
            <search><![CDATA[<div class="table-responsive">]]></search>
            <add position="before"><![CDATA[
            {% if meschain_trendyol_installed %}
            <div class="alert alert-success">
                <i class="fas fa-check-circle"></i>
                MesChain Trendyol Integration is successfully installed and active.
                <a href="{{ meschain_trendyol_url }}" class="btn btn-primary btn-sm float-right">Configure</a>
            </div>
            {% endif %}
            ]]></add>
        </operation>
    </file>

    <!-- System Library Integration -->
    <file path="system/startup.php">
        <operation>
            <search><![CDATA[// Registry]]></search>
            <add position="after"><![CDATA[
            // MesChain Trendyol Integration
            if (file_exists(DIR_SYSTEM . 'library/meschain/trendyol.php')) {
                require_once(DIR_SYSTEM . 'library/meschain/trendyol.php');
            }
            ]]></add>
        </operation>
    </file>

    <!-- Cron Job Integration -->
    <file path="system/engine/loader.php">
        <operation>
            <search><![CDATA[public function library($library) {]]></search>
            <add position="after"><![CDATA[
            // MesChain Trendyol Library Auto-loader
            if (strpos($library, 'meschain/') === 0) {
                $file = DIR_SYSTEM . 'library/' . $library . '.php';
                if (file_exists($file)) {
                    include_once($file);
                    return;
                }
            }
            ]]></add>
        </operation>
    </file>

    <!-- Product Form Integration -->
    <file path="admin/view/template/catalog/product_form.twig">
        <operation>
            <search><![CDATA[<div class="tab-pane" id="tab-data">]]></search>
            <add position="after"><![CDATA[
            <div class="tab-pane" id="tab-trendyol">
                <div class="card">
                    <div class="card-header">
                        <h3 class="card-title">
                            <i class="fas fa-shopping-cart"></i>
                            Trendyol Integration
                        </h3>
                    </div>
                    <div class="card-body">
                        <div class="form-group row">
                            <label class="col-sm-2 col-form-label">Trendyol Status</label>
                            <div class="col-sm-10">
                                <select name="trendyol_status" class="form-control">
                                    <option value="0">Disabled</option>
                                    <option value="1">Enabled</option>
                                </select>
                            </div>
                        </div>
                        <div class="form-group row">
                            <label class="col-sm-2 col-form-label">Barcode</label>
                            <div class="col-sm-10">
                                <input type="text" name="trendyol_barcode" class="form-control" placeholder="Product Barcode">
                            </div>
                        </div>
                        <div class="form-group row">
                            <label class="col-sm-2 col-form-label">Trendyol Category</label>
                            <div class="col-sm-10">
                                <select name="trendyol_category_id" class="form-control">
                                    <option value="">Select Category</option>
                                </select>
                            </div>
                        </div>
                        <div class="form-group row">
                            <label class="col-sm-2 col-form-label">Brand</label>
                            <div class="col-sm-10">
                                <select name="trendyol_brand_id" class="form-control">
                                    <option value="">Select Brand</option>
                                </select>
                            </div>
                        </div>
                        <div class="form-group row">
                            <label class="col-sm-2 col-form-label">VAT Rate (%)</label>
                            <div class="col-sm-10">
                                <input type="number" name="trendyol_vat_rate" class="form-control" value="18" min="0" max="100">
                            </div>
                        </div>
                        <div class="form-group row">
                            <label class="col-sm-2 col-form-label">Stock Buffer</label>
                            <div class="col-sm-10">
                                <input type="number" name="trendyol_stock_buffer" class="form-control" value="0" min="0">
                                <small class="form-text text-muted">Stock buffer to maintain on Trendyol</small>
                            </div>
                        </div>
                    </div>
                </div>
            </div>
            ]]></add>
        </operation>
    </file>

    <!-- Product Form Tab Navigation -->
    <file path="admin/view/template/catalog/product_form.twig">
        <operation>
            <search><![CDATA[<li class="nav-item"><a href="#tab-data" data-bs-toggle="tab" class="nav-link">{{ tab_data }}</a></li>]]></search>
            <add position="after"><![CDATA[
            <li class="nav-item"><a href="#tab-trendyol" data-bs-toggle="tab" class="nav-link">Trendyol</a></li>
            ]]></add>
        </operation>
    </file>

    <!-- Order View Integration -->
    <file path="admin/view/template/sale/order_info.twig">
        <operation>
            <search><![CDATA[<div class="card-body">]]></search>
            <add position="after"><![CDATA[
            {% if trendyol_order_info %}
            <div class="alert alert-info">
                <h5><i class="fas fa-shopping-cart"></i> Trendyol Order Information</h5>
                <p><strong>Trendyol Order ID:</strong> {{ trendyol_order_info.trendyol_order_id }}</p>
                <p><strong>Order Number:</strong> {{ trendyol_order_info.order_number }}</p>
                <p><strong>Status:</strong> <span class="badge badge-primary">{{ trendyol_order_info.status }}</span></p>
                {% if trendyol_order_info.cargo_tracking_number %}
                <p><strong>Tracking Number:</strong> {{ trendyol_order_info.cargo_tracking_number }}</p>
                {% endif %}
                {% if trendyol_order_info.cargo_provider_name %}
                <p><strong>Cargo Provider:</strong> {{ trendyol_order_info.cargo_provider_name }}</p>
                {% endif %}
            </div>
            {% endif %}
            ]]></add>
        </operation>
    </file>

    <!-- Dashboard Widget Integration -->
    <file path="admin/view/template/common/dashboard.twig">
        <operation>
            <search><![CDATA[<div class="row">]]></search>
            <add position="after"><![CDATA[
            {% if meschain_trendyol_dashboard %}
            <div class="col-lg-3 col-6">
                <div class="small-box bg-info">
                    <div class="inner">
                        <h3>{{ meschain_trendyol_dashboard.active_products }}</h3>
                        <p>Active Trendyol Products</p>
                    </div>
                    <div class="icon">
                        <i class="fas fa-shopping-cart"></i>
                    </div>
                    <a href="{{ meschain_trendyol_url }}" class="small-box-footer">
                        More info <i class="fas fa-arrow-circle-right"></i>
                    </a>
                </div>
            </div>
            <div class="col-lg-3 col-6">
                <div class="small-box bg-success">
                    <div class="inner">
                        <h3>{{ meschain_trendyol_dashboard.orders_today }}</h3>
                        <p>Today's Trendyol Orders</p>
                    </div>
                    <div class="icon">
                        <i class="fas fa-chart-line"></i>
                    </div>
                    <a href="{{ meschain_trendyol_orders_url }}" class="small-box-footer">
                        More info <i class="fas fa-arrow-circle-right"></i>
                    </a>
                </div>
            </div>
            {% endif %}
            ]]></add>
        </operation>
    </file>

    <!-- Permission Integration -->
    <file path="admin/controller/user/user_group.php">
        <operation>
            <search><![CDATA[$ignore = array(]]></search>
            <add position="after"><![CDATA[
                'extension/module/meschain_trendyol',
                'extension/module/meschain_trendyol/syncProducts',
                'extension/module/meschain_trendyol/getOrders',
                'extension/module/meschain_trendyol/updateInventory',
                'extension/module/meschain_trendyol/getAnalytics',
                'extension/module/meschain_trendyol/getCampaigns',
            ]]></add>
        </operation>
    </file>

    <!-- CSS Integration -->
    <file path="admin/view/template/common/header.twig">
        <operation>
            <search><![CDATA[<link href="view/stylesheet/stylesheet.css" type="text/css" rel="stylesheet"/>]]></search>
            <add position="after"><![CDATA[
            <link href="view/stylesheet/meschain/trendyol.css" type="text/css" rel="stylesheet"/>
            ]]></add>
        </operation>
    </file>

    <!-- JavaScript Integration -->
    <file path="admin/view/template/common/footer.twig">
        <operation>
            <search><![CDATA[<script src="view/javascript/common.js" type="text/javascript"></script>]]></search>
            <add position="after"><![CDATA[
            <script src="view/javascript/meschain/trendyol.js" type="text/javascript"></script>
            ]]></add>
        </operation>
    </file>

    <!-- Webhook Endpoint Integration -->
    <file path="catalog/controller/startup/startup.php">
        <operation>
            <search><![CDATA[// Maintenance Mode]]></search>
            <add position="before"><![CDATA[
            // MesChain Trendyol Webhook Handler
            if (isset($this->request->get['route']) && $this->request->get['route'] == 'extension/meschain/trendyol/webhook') {
                // Allow webhook access even in maintenance mode
                return;
            }
            ]]></add>
        </operation>
    </file>

    <!-- Event System Integration -->
    <file path="admin/model/setting/event.php">
        <operation>
            <search><![CDATA[public function addEvent($code, $trigger, $action, $status = true, $sort_order = 0) {]]></search>
            <add position="after"><![CDATA[
            // Auto-register MesChain Trendyol events
            if ($code == 'meschain_trendyol_install') {
                $events = array(
                    array(
                        'code' => 'meschain_trendyol_product_add',
                        'trigger' => 'admin/model/catalog/product/addProduct/after',
                        'action' => 'extension/module/meschain_trendyol/eventProductAdd'
                    ),
                    array(
                        'code' => 'meschain_trendyol_product_edit',
                        'trigger' => 'admin/model/catalog/product/editProduct/after',
                        'action' => 'extension/module/meschain_trendyol/eventProductEdit'
                    ),
                    array(
                        'code' => 'meschain_trendyol_product_delete',
                        'trigger' => 'admin/model/catalog/product/deleteProduct/after',
                        'action' => 'extension/module/meschain_trendyol/eventProductDelete'
                    ),
                    array(
                        'code' => 'meschain_trendyol_order_add',
                        'trigger' => 'admin/model/sale/order/addOrder/after',
                        'action' => 'extension/module/meschain_trendyol/eventOrderAdd'
                    ),
                    array(
                        'code' => 'meschain_trendyol_order_edit',
                        'trigger' => 'admin/model/sale/order/editOrder/after',
                        'action' => 'extension/module/meschain_trendyol/eventOrderEdit'
                    )
                );

                foreach ($events as $event) {
                    $this->addEvent($event['code'], $event['trigger'], $event['action'], true, 0);
                }
            }
            ]]></add>
        </operation>
    </file>
</modification>
